Height,weight,Mean weight,class
50,5.2,3.4,
50.5,5.3,3.4,
51,3.7,3.5,
51.5,3.6,3.6,
52,4.2,3.7,
52.5,3.8,3.8,
53,5.7,3.9,
53.5,3.5,4,
54,4.9,4.1,
54.5,5.5,4.2,
55,5.1,4.3,
55.5,3.4,4.4,
56,4.6,4.6,
56.5,4.8,4.7,
57,3.9,4.8,
57.5,4.1,4.9,
58,4.7,5.1,
58.5,4.4,5.2,
59,5.6,5.3,
59.5,3.4,5.5,
60,4.3,5.6,
60.5,4,5.7,
61,7,5.9,
61.5,6.9,6,
62,7.2,6.2,
62.5,3.4,6.3,
63,7.6,6.5,
63.5,8.6,6.6,
64,7.9,6.7,
64.5,8.3,6.9,
65,3.4,7,
65.5,8.5,7.2,
66,7.3,7.3,
66.5,7.5,7.5,
67,8.2,7.6,
67.5,6.3,7.8,
68,6.2,7.9,
68.5,6,8,
69,7.8,8.2,
69.5,6.7,8.3,
70,6.5,8.5,
70.5,8,8.6,
50,5.9,3.4,
50.5,6.6,3.4,
51,3.8,3.5,
51.5,3.6,3.6,
52,5.6,3.7,
52.5,5.9,3.8,
53,5.1,3.9,
53.5,4.9,4,
54,5.7,4.1,
54.5,4,4.2,
55,4.7,4.3,
55.5,4.8,4.4,
56,3.5,4.6,
56.5,4.6,4.7,
57,5.2,4.8,
57.5,3.9,4.9,
58,4.4,5.1,
58.5,5.3,5.2,
59,4.3,5.3,
59.5,4.2,5.5,
60,4.1,5.6,
60.5,5.5,5.7,
61,3.7,5.9,
61.5,6.3,6,
62,7.9,6.2,
62.5,6.2,6.3,
63,7.5,6.5,
63.5,8,6.6,
64,8.6,6.7,
64.5,7,6.9,
65,6.9,7,
65.5,8.3,7.2,
66,8.2,7.3,
66.5,7.3,7.5,
67,8.5,7.6,
67.5,6.6,7.8,
68,6.5,7.9,
68.5,3.4,8,
69,7.2,8.2,
69.5,6.7,8.3,
70,6,8.5,
70.5,7.8,8.6,
50,7.6,3.4,
50.5,5.5,3.4,
51,4.8,3.5,
51.5,3.6,3.6,
52,4.1,3.7,
52.5,3.8,3.8,
53,3.9,3.9,
53.5,4,4,
54,4.2,4.1,
54.5,5.7,4.2,
55,5.1,4.3,
55.5,3.7,4.4,
56,5.6,4.6,
56.5,5.2,4.7,
57,4.9,4.8,
57.5,3.5,4.9,
58,5.3,5.1,
58.5,4.6,5.2,
59,4.3,5.3,
59.5,4.7,5.5,
60,4.4,5.6,
60.5,3.4,5.7,
61,8.5,5.9,
61.5,7.6,6,
62,6.6,6.2,
62.5,7.2,6.3,
63,6.7,6.5,
63.5,6.3,6.6,
64,8,6.7,
64.5,6.9,6.9,
65,7.3,7,
65.5,8.2,7.2,
66,3.4,7.3,
66.5,7,7.5,
67,7.5,7.6,
67.5,6,7.8,
68,7.9,7.9,
68.5,8.3,8,
69,3.6,8.2,
69.5,6.2,8.3,
70,8.6,8.5,
70.5,3.5,8.6,
50,5.9,3.4,
50.5,3.4,3.4,
51,7.8,3.5,
51.5,6.5,3.6,
52,4.8,3.7,
52.5,5.2,3.8,
53,4,3.9,
53.5,5.6,4,
54,4.2,4.1,
54.5,3.8,4.2,
55,3.9,4.3,
55.5,5.3,4.4,
56,5.7,4.6,
56.5,4.3,4.7,
57,4.9,4.8,
57.5,4.4,4.9,
58,4.6,5.1,
58.5,5.5,5.2,
59,4.7,5.3,
59.5,3.7,5.5,
60,4.1,5.6,
60.5,5.1,5.7,
61,7.8,5.9,
61.5,5.9,6,
62,7.3,6.2,
62.5,6.6,6.3,
63,7.5,6.5,
63.5,7,6.6,
64,7.9,6.7,
64.5,6.9,6.9,
65,7.2,7,
65.5,8,7.2,
66,6.5,7.3,
66.5,6,7.5,
67,7.6,7.6,
67.5,6.2,7.8,
68,6.3,7.9,
68.5,6.7,8,
69,8.6,8.2,
69.5,4,8.3,
70,4.1,8.5,
70.5,3.4,8.6,
50,8.2,3.4,
50.5,3.9,3.4,
51,8.3,3.5,
51.5,3.6,3.6,
52,3.5,3.7,
52.5,8.5,3.8,
53,3.4,3.9,
53.5,3.8,4,
54,3.7,4.1,
54.5,4.2,4.2,
55,4.3,4.3,
55.5,5.7,4.4,
56,6.3,4.6,
56.5,5.5,4.7,
57,5.9,4.8,
57.5,6.2,4.9,
58,5.1,5.1,
58.5,5.3,5.2,
59,5.2,5.3,
59.5,4.7,5.5,
60,4.9,5.6,
60.5,4.8,5.7,
61,5.6,5.9,
61.5,4.6,6,
62,4.4,6.2,
62.5,6,6.3,
63,7.8,6.5,
63.5,7.5,6.6,
64,6.6,6.7,
64.5,8.3,6.9,
65,7,7,
65.5,6.5,7.2,
66,8.2,7.3,
66.5,6.9,7.5,
67,7.6,7.6,
67.5,7.9,7.8,
68,7.2,7.9,
68.5,8.5,8,
69,8,8.2,
69.5,7.3,8.3,
70,6.7,8.5,
70.5,8.6,8.6,
50,3.4,3.4,
50.5,4.1,3.4,
51,4,3.5,
51.5,4.8,3.6,
52,5.1,3.7,
52.5,4.4,3.8,
53,3.6,3.9,
53.5,3.4,4,
54,3.5,4.1,
54.5,4.7,4.2,
55,4.2,4.3,
55.5,4.3,4.4,
56,3.8,4.6,
56.5,3.9,4.7,
57,4.6,4.8,
57.5,3.7,4.9,
58,4.9,5.1,
58.5,7.2,5.2,
59,5.5,5.3,
59.5,7.6,5.5,
60,5.7,5.6,
60.5,7.8,5.7,
61,5.9,5.9,
61.5,7,6,
62,6.5,6.2,
62.5,5.6,6.3,
63,5.3,6.5,
63.5,6.3,6.6,
64,7.5,6.7,
64.5,6.9,6.9,
65,7.3,7,
65.5,6,7.2,
66,6.6,7.3,
66.5,5.2,7.5,
67,6.7,7.6,
67.5,6.2,7.8,
68,8.2,7.9,
68.5,4,8,
69,8.3,8.2,
69.5,3.8,8.3,
70,3.4,8.5,
70.5,3.4,8.6,
50,8,3.4,
50.5,4.4,3.4,
51,8.5,3.5,
51.5,3.7,3.6,
52,3.9,3.7,
52.5,3.5,3.8,
53,4.2,3.9,
53.5,7.9,4,
54,3.6,4.1,
54.5,4.3,4.2,
55,8.6,4.3,
55.5,4.1,4.4,
56,4.9,4.6,
56.5,4.8,4.7,
57,7.5,4.8,
57.5,6.7,4.9,
58,5.5,5.1,
58.5,7.3,5.2,
59,6.3,5.3,
59.5,5.2,5.5,
60,4.6,5.6,
60.5,5.7,5.7,
61,5.9,5.9,
61.5,6.2,6,
62,7,6.2,
62.5,6.6,6.3,
63,6,6.5,
63.5,5.6,6.6,
64,4.7,6.7,
64.5,7.6,6.9,
65,7.2,7,
65.5,5.3,7.2,
66,5.1,7.3,
66.5,6.9,7.5,
67,6.5,7.6,
67.5,4,7.8,
68,3.5,7.9,
68.5,3.6,8,
69,3.9,8.2,
69.5,7.8,8.3,
70,3.4,8.5,
70.5,3.8,8.6,
50,7.9,3.4,
50.5,3.7,3.4,
51,3.4,3.5,
51.5,8.5,3.6,
52,8.6,3.7,
52.5,8.2,3.8,
53,8.3,3.9,
53.5,8,4,
54,5.7,4.1,
54.5,5.9,4.2,
55,4.1,4.3,
55.5,5.2,4.4,
56,4.2,4.6,
56.5,5.6,4.7,
57,6,4.8,
57.5,4.7,4.9,
58,4.6,5.1,
58.5,4.3,5.2,
59,5.3,5.3,
59.5,4.8,5.5,
60,4.4,5.6,
60.5,4.9,5.7,
61,5.5,5.9,
61.5,5.1,6,
62,6.5,6.2,
62.5,6.9,6.3,
63,7.6,6.5,
63.5,8.5,6.6,
64,8,6.7,
64.5,7.9,6.9,
65,7.2,7,
65.5,6.3,7.2,
66,6.7,7.3,
66.5,6.6,7.5,
67,7.5,7.6,
67.5,8.2,7.8,
68,7.8,7.9,
68.5,6.2,8,
69,7.3,8.2,
69.5,8.3,8.3,
70,7,8.5,
70.5,4.3,8.6,
50,3.6,3.4,
50.5,4.1,3.4,
51,4.6,3.5,
51.5,3.9,3.6,
52,4.4,3.7,
52.5,4.8,3.8,
53,3.4,3.9,
53.5,4.2,4,
54,8.6,4.1,
54.5,3.5,4.2,
55,3.8,4.3,
55.5,3.4,4.4,
56,4.7,4.6,
56.5,3.7,4.7,
57,4,4.8,
57.5,5.2,4.9,
58,6.6,5.1,
58.5,6.7,5.2,
59,6.5,5.3,
59.5,6.2,5.5,
60,6,5.6,
60.5,4.9,5.7,
61,6.3,5.9,
61.5,5.6,6,
62,5.1,6.2,
62.5,5.7,6.3,
63,5.5,6.5,
63.5,5.3,6.6,
64,6.9,6.7,
64.5,8.5,6.9,
65,8.3,7,
65.5,7.2,7.2,
66,7.9,7.3,
66.5,6.9,7.5,
67,3.7,7.6,
67.5,3.4,7.8,
68,7.8,7.9,
68.5,7.3,8,
69,3.4,8.2,
69.5,3.6,8.3,
70,8.6,8.5,
70.5,3.5,8.6,
50,8.2,3.4,
50.5,7.6,3.4,
51,7,3.5,
51.5,7.5,3.6,
52,8,3.7,
52.5,4.4,3.8,
53,3.8,3.9,
53.5,3.9,4,
54,4.3,4.1,
54.5,5.3,4.2,
55,5.6,4.3,
55.5,4.9,4.4,
56,5.2,4.6,
56.5,4.7,4.7,
57,4.6,4.8,
57.5,4.1,4.9,
58,5.9,5.1,
58.5,5.1,5.2,
59,5.5,5.3,
59.5,4.8,5.5,
60,5.7,5.6,
60.5,4.2,5.7,
61,6,5.9,
61.5,4,6,
62,6.6,6.2,
62.5,8.3,6.3,
63,7.2,6.5,
63.5,7.9,6.6,
64,7.6,6.7,
64.5,8.2,6.9,
65,7.3,7,
65.5,8.6,7.2,
66,7.8,7.3,
66.5,7.5,7.5,
67,8,7.6,
67.5,6.7,7.8,
68,6.5,7.9,
68.5,6.9,8,
69,7,8.2,
69.5,6.3,8.3,
70,8.5,8.5,
70.5,6.2,8.6,
50,3.8,3.4,
50.5,3.6,3.4,
51,4.8,3.5,
51.5,3.9,3.6,
52,3.7,3.7,
52.5,3.4,3.8,
53,5.2,3.9,
53.5,4.1,4,
54,3.5,4.1,
54.5,4.4,4.2,
55,4,4.3,
55.5,4.2,4.4,
56,4.9,4.6,
56.5,4.3,4.7,
57,4.6,4.8,
57.5,5.1,4.9,
58,4.7,5.1,
58.5,3.4,5.2,
59,6,5.3,
59.5,6.3,5.5,
60,7.5,5.6,
60.5,5.7,5.7,
61,5.3,5.9,
61.5,6.5,6,
62,7.2,6.2,
62.5,6.7,6.3,
63,7.3,6.5,
63.5,5.6,6.6,
64,5.9,6.7,
64.5,7,6.9,
65,5.5,7,
65.5,7.8,7.2,
66,7.6,7.3,
66.5,6.9,7.5,
67,6.6,7.6,
67.5,6.2,7.8,
68,4,7.9,
68.5,8.3,8,
69,8,8.2,
69.5,3.4,8.3,
70,4.1,8.5,
70.5,3.4,8.6,
50,8.6,3.4,
50.5,7.9,3.4,
51,8.5,3.5,
51.5,3.6,3.6,
52,8.2,3.7,
52.5,3.9,3.8,
53,3.7,3.9,
53.5,3.8,4,
54,3.5,4.1,
54.5,4.2,4.2,
55,4.9,4.3,
55.5,6.3,4.4,
56,5.6,4.6,
56.5,4.3,4.7,
57,5.2,4.8,
57.5,6,4.9,
58,5.3,5.1,
58.5,4.4,5.2,
59,6.2,5.3,
59.5,4.6,5.5,
60,6.5,5.6,
60.5,5.9,5.7,
61,4.8,5.9,
61.5,5.7,6,
62,5.5,6.2,
62.5,5.1,6.3,
63,4.7,6.5,
63.5,6.9,6.6,
64,6.6,6.7,
64.5,8.3,6.9,
65,7.3,7,
65.5,8.6,7.2,
66,7,7.3,
66.5,6.7,7.5,
67,7.8,7.6,
67.5,3.4,7.8,
68,3.4,7.9,
68.5,8.5,8,
69,8.2,8.2,
69.5,8,8.3,
70,7.9,8.5,
70.5,7.6,8.6,
50,7.5,3.4,
50.5,7.2,3.4,
51,4.3,3.5,
51.5,5.3,3.6,
52,3.5,3.7,
52.5,4.2,3.8,
53,4.7,3.9,
53.5,4.8,4,
54,3.7,4.1,
54.5,3.6,4.2,
55,5.2,4.3,
55.5,4,4.4,
56,3.9,4.6,
56.5,4.6,4.7,
57,3.8,4.8,
57.5,4.1,4.9,
58,4.9,5.1,
58.5,5.1,5.2,
59,4.4,5.3,
59.5,5.9,5.5,
60,5.6,5.6,
60.5,7.3,5.7,
61,7.2,5.9,
61.5,7,6,
62,5.5,6.2,
62.5,6.6,6.3,
63,6,6.5,
63.5,6.3,6.6,
64,7.5,6.7,
64.5,7.6,6.9,
65,6.5,7,
65.5,5.7,7.2,
66,6.7,7.3,
66.5,6.2,7.5,
67,7.8,7.6,
67.5,6.9,7.8,
68,8.6,7.9,
68.5,3.5,8,
69,4.3,8.2,
69.5,4.1,8.3,
70,4.2,8.5,
70.5,3.4,8.6,
50,8,3.4,
50.5,3.6,3.4,
51,3.9,3.5,
51.5,4,3.6,
52,8.5,3.7,
52.5,8.3,3.8,
53,7.9,3.9,
53.5,3.4,4,
54,3.7,4.1,
54.5,3.8,4.2,
55,8.2,4.3,
55.5,4.9,4.4,
56,4.7,4.6,
56.5,5.5,4.7,
57,5.6,4.8,
57.5,4.4,4.9,
58,6,5.1,
58.5,5.1,5.2,
59,5.9,5.3,
59.5,5.3,5.5,
60,6.2,5.6,
60.5,5.7,5.7,
61,6.3,5.9,
61.5,4.6,6,
62,4.8,6.2,
62.5,5.2,6.3,
63,6.7,6.5,
63.5,6.9,6.6,
64,7.9,6.7,
64.5,8.3,6.9,
65,7,7,
65.5,7.2,7.2,
66,6.5,7.3,
66.5,6.6,7.5,
67,8.6,7.6,
67.5,7.8,7.8,
68,7.6,7.9,
68.5,8,8,
69,8.5,8.2,
69.5,7.3,8.3,
70,8.2,8.5,
70.5,3.4,8.6,
50,7.5,3.4,
50.5,5.5,3.4,
51,3.8,3.5,
51.5,5.3,3.6,
52,4.8,3.7,
52.5,5.2,3.8,
53,4.4,3.9,
53.5,4.9,4,
54,4.7,4.1,
54.5,4,4.2,
55,5.6,4.3,
55.5,4.3,4.4,
56,4.2,4.6,
56.5,3.6,4.7,
57,3.5,4.8,
57.5,3.7,4.9,
58,3.4,5.1,
58.5,3.9,5.2,
59,4.6,5.3,
59.5,5.1,5.5,
60,4.1,5.6,
60.5,5.7,5.7,
61,6,5.9,
61.5,7.8,6,
62,7.3,6.2,
62.5,7.5,6.3,
63,6.5,6.5,
63.5,7.9,6.6,
64,6.3,6.7,
64.5,7.6,6.9,
65,6.9,7,
65.5,5.9,7.2,
66,6.7,7.3,
66.5,6.6,7.5,
67,6.2,7.6,
67.5,7.2,7.8,
68,7,7.9,
68.5,3.6,8,
69,3.7,8.2,
69.5,8.6,8.3,
70,4.4,8.5,
70.5,4,8.6,
50,3.8,3.4,
50.5,8.5,3.4,
51,8,3.5,
51.5,4.3,3.6,
52,8.2,3.7,
52.5,3.5,3.8,
53,3.4,3.9,
53.5,4.2,4,
54,8.3,4.1,
54.5,3.9,4.2,
55,4.1,4.3,
55.5,3.4,4.4,
56,5.6,4.6,
56.5,6.7,4.7,
57,6.3,4.8,
57.5,6.5,4.9,
58,4.8,5.1,
58.5,5.9,5.2,
59,6,5.3,
59.5,4.7,5.5,
60,5.5,5.6,
60.5,4.6,5.7,
61,5.1,5.9,
61.5,5.7,6,
62,5.3,6.2,
62.5,5.2,6.3,
63,4.9,6.5,
63.5,6.2,6.6,
64,6.6,6.7,
64.5,7,6.9,
65,6.9,7,
65.5,3.5,7.2,
66,8,7.3,
66.5,7.3,7.5,
67,7.8,7.6,
67.5,7.9,7.8,
68,8.3,7.9,
68.5,7.5,8,
69,3.6,8.2,
69.5,3.4,8.3,
70,7.2,8.5,
70.5,8.2,8.6,
50,8.6,3.4,
50.5,3.4,3.4,
51,8.5,3.5,
51.5,7.6,3.6,
52,4,3.7,
52.5,3.7,3.8,
53,5.2,3.9,
53.5,4.3,4,
54,4.7,4.1,
54.5,4.1,4.2,
55,3.9,4.3,
55.5,4.2,4.4,
56,4.4,4.6,
56.5,5.1,4.7,
57,3.8,4.8,
57.5,4.9,4.9,
58,4.6,5.1,
58.5,4.8,5.2,
59,5.3,5.3,
59.5,6,5.5,
60,7.3,5.6,
60.5,5.5,5.7,
61,7.5,5.9,
61.5,6.2,6,
62,7.2,6.2,
62.5,5.9,6.3,
63,5.7,6.5,
63.5,5.6,6.6,
64,6.6,6.7,
64.5,6.3,6.9,
65,7,7,
65.5,6.5,7.2,
66,6.7,7.3,
66.5,7.8,7.5,
67,7.6,7.6,
67.5,7.9,7.8,
68,6.9,7.9,
68.5,3.4,8,
69,8.6,8.2,
69.5,3.4,8.3,
70,3.6,8.5,
70.5,8.3,8.6,
50,3.7,3.4,
50.5,4.2,3.4,
51,3.8,3.5,
51.5,8.2,3.6,
52,8.5,3.7,
52.5,8,3.8,
53,4.3,3.9,
53.5,3.9,4,
54,3.5,4.1,
54.5,4.1,4.2,
55,4,4.3,
55.5,4.7,4.4,
56,4.8,4.6,
56.5,5.7,4.7,
57,5.3,4.8,
57.5,4.9,4.9,
58,5.5,5.1,
58.5,6.2,5.2,
59,4.4,5.3,
59.5,5.1,5.5,
60,6.3,5.6,
60.5,5.6,5.7,
61,6.5,5.9,
61.5,5.2,6,
62,5.9,6.2,
62.5,4.6,6.3,
63,6,6.5,
63.5,6.7,6.6,
64,6.6,6.7,
64.5,7.3,6.9,
65,7.9,7,
65.5,8,7.2,
66,8.3,7.3,
66.5,3.4,7.5,
67,7.6,7.6,
67.5,7.5,7.8,
68,8.5,7.9,
68.5,7.8,8,
69,3.4,8.2,
69.5,7.2,8.3,
70,8.6,8.5,
70.5,7,8.6,
50,6.9,3.4,
50.5,8.2,3.4,
51,4.9,3.5,
51.5,4.1,3.6,
52,4.6,3.7,
52.5,3.5,3.8,
53,4.7,3.9,
53.5,3.7,4,
54,3.8,4.1,
54.5,4,4.2,
55,3.6,4.3,
55.5,4.2,4.4,
56,5.3,4.6,
56.5,4.4,4.7,
57,3.9,4.8,
57.5,4.3,4.9,
58,5.2,5.1,
58.5,5.1,5.2,
59,4.8,5.3,
59.5,5.5,5.5,
60,5.9,5.6,
60.5,7.2,5.7,
61,7,5.9,
61.5,7.5,6,
62,6.5,6.2,
62.5,6,6.3,
63,5.6,6.5,
63.5,6.9,6.6,
64,7.3,6.7,
64.5,6.3,6.9,
65,6.7,7,
65.5,5.7,7.2,
66,6.6,7.3,
66.5,6.2,7.5,
67,3.8,7.6,
67.5,8.6,7.8,
68,3.4,7.9,
68.5,3.4,8,
69,7.6,8.2,
69.5,7.8,8.3,
70,8.2,8.5,
70.5,3.7,8.6,
50,8,3.4,
50.5,8.3,3.4,
51,4,3.5,
51.5,3.6,3.6,
52,3.5,3.7,
52.5,7.9,3.8,
53,3.9,3.9,
53.5,4.1,4,
54,8.5,4.1,
54.5,4.3,4.2,
55,6.2,4.3,
55.5,5.5,4.4,
56,4.4,4.6,
56.5,5.6,4.7,
57,4.8,4.8,
57.5,6.3,4.9,
58,6.5,5.1,
58.5,5.3,5.2,
59,5.1,5.3,
59.5,4.9,5.5,
60,6,5.6,
60.5,5.7,5.7,
61,5.9,5.9,
61.5,5.2,6,
62,4.7,6.2,
62.5,4.6,6.3,
63,4.2,6.5,
63.5,3.4,6.6,
64,6.6,6.7,
64.5,6.7,6.9,
65,7.5,7,
65.5,8.6,7.2,
66,6.9,7.3,
66.5,8.2,7.5,
67,7.8,7.6,
67.5,7.2,7.8,
68,7.9,7.9,
68.5,3.4,8,
69,7,8.2,
69.5,8.3,8.3,
70,7.3,8.5,
70.5,8.5,8.6,
50,8,3.4,
50.5,3.5,3.4,
51,7.6,3.5,
51.5,4.8,3.6,
52,5.6,3.7,
52.5,3.6,3.8,
53,4.2,3.9,
53.5,4.6,4,
54,4.3,4.1,
54.5,5.5,4.2,
55,4.9,4.3,
55.5,5.1,4.4,
56,3.7,4.6,
56.5,5.3,4.7,
57,3.9,4.8,
57.5,4.1,4.9,
58,3.8,5.1,
58.5,4.7,5.2,
59,4,5.3,
59.5,4.4,5.5,
60,5.2,5.6,
60.5,7.9,5.7,
61,6.9,5.9,
61.5,6,6,
62,6.3,6.2,
62.5,5.9,6.3,
63,6.2,6.5,
63.5,8,6.6,
64,7,6.7,
64.5,6.6,6.9,
65,7.5,7,
65.5,5.7,7.2,
66,7.2,7.3,
66.5,6.5,7.5,
67,7.6,7.6,
67.5,6.7,7.8,
68,7.3,7.9,
68.5,7.8,8,
69,8.2,8.2,
69.5,3.7,8.3,
70,3.4,8.5,
70.5,3.5,8.6,
50,4.4,3.4,
50.5,4.7,3.4,
51,3.8,3.5,
51.5,4.6,3.6,
52,3.4,3.7,
52.5,4,3.8,
53,4.8,3.9,
53.5,8.6,4,
54,4.3,4.1,
54.5,3.6,4.2,
55,3.9,4.3,
55.5,4.1,4.4,
56,8.5,4.6,
56.5,4.2,4.7,
57,8.3,4.8,
57.5,4.9,4.9,
58,6.9,5.1,
58.5,5.9,5.2,
59,5.3,5.3,
59.5,5.2,5.5,
60,5.5,5.6,
60.5,6.7,5.7,
61,7,5.9,
61.5,5.1,6,
62,6.6,6.2,
62.5,5.7,6.3,
63,5.6,6.5,
63.5,6.2,6.6,
64,6.3,6.7,
64.5,6.5,6.9,
65,6,7,
65.5,7.2,7.2,
66,3.4,7.3,
66.5,3.4,7.5,
67,7.5,7.6,
67.5,8.3,7.8,
68,8.6,7.9,
68.5,8.5,8,
69,3.6,8.2,
69.5,7.6,8.3,
70,7.9,8.5,
70.5,3.5,8.6,
50,3.8,3.4,
50.5,8,3.4,
51,7.3,3.5,
51.5,8.2,3.6,
52,7.8,3.7,
52.5,3.7,3.8,
53,5.5,3.9,
53.5,5.7,4,
54,5.3,4.1,
54.5,5.6,4.2,
55,4.1,4.3,
55.5,4.4,4.4,
56,4.2,4.6,
56.5,3.9,4.7,
57,5.2,4.8,
57.5,5.1,4.9,
58,4.9,5.1,
58.5,4.6,5.2,
59,4.3,5.3,
59.5,4.8,5.5,
60,4,5.6,
60.5,4.7,5.7,
61,7.2,5.9,
61.5,7.6,6,
62,6.5,6.2,
62.5,6.6,6.3,
63,8.2,6.5,
63.5,6,6.6,
64,6.9,6.7,
64.5,8.5,6.9,
65,7.8,7,
65.5,6.7,7.2,
66,8.3,7.3,
66.5,7.5,7.5,
67,5.9,7.6,
67.5,7.9,7.8,
68,6.2,7.9,
68.5,7,8,
69,6.3,8.2,
69.5,7.3,8.3,
70,8,8.5,
70.5,3.9,8.6,
50,5.2,3.4,
50.5,4,3.4,
51,4.3,3.5,
51.5,3.4,3.6,
52,4.8,3.7,
52.5,5.3,3.8,
53,4.9,3.9,
53.5,3.7,4,
54,3.8,4.1,
54.5,3.6,4.2,
55,4.1,4.3,
55.5,8.6,4.4,
56,3.5,4.6,
56.5,5.1,4.7,
57,4.7,4.8,
57.5,4.4,4.9,
58,3.4,5.1,
58.5,4.6,5.2,
59,4.2,5.3,
59.5,7,5.5,
60,7.9,5.6,
60.5,6.7,5.7,
61,7.8,5.9,
61.5,7.2,6,
62,7.5,6.2,
62.5,5.6,6.3,
63,7.6,6.5,
63.5,6.5,6.6,
64,5.9,6.7,
64.5,6.9,6.9,
65,6.2,7,
65.5,6.6,7.2,
66,5.7,7.3,
66.5,8,7.5,
67,6.3,7.6,
67.5,6,7.8,
68,7.3,7.9,
68.5,5.5,8,
69,5.1,8.2,
69.5,3.6,8.3,
70,4.2,8.5,
70.5,3.4,8.6,
50,3.9,3.4,
50.5,8.5,3.4,
51,8.2,3.5,
51.5,3.7,3.6,
52,4.6,3.7,
52.5,4,3.8,
53,3.8,3.9,
53.5,4.4,4,
54,4.1,4.1,
54.5,4.8,4.2,
55,4.9,4.3,
55.5,8.6,4.4,
56,3.5,4.6,
56.5,5.2,4.7,
57,4.7,4.8,
57.5,3.4,4.9,
58,4.3,5.1,
58.5,8.3,5.2,
59,6.2,5.3,
59.5,7.5,5.5,
60,5.6,5.6,
60.5,6,5.7,
61,6.6,5.9,
61.5,5.9,6,
62,5.3,6.2,
62.5,6.7,6.3,
63,7.2,6.5,
63.5,6.9,6.6,
64,6.5,6.7,
64.5,5.5,6.9,
65,7,7,
65.5,5.7,7.2,
66,7.3,7.3,
66.5,6.3,7.5,
67,7.6,7.6,
67.5,8.3,7.8,
68,7.9,7.9,
68.5,3.5,8,
69,3.8,8.2,
69.5,8.5,8.3,
70,8.2,8.5,
70.5,7.8,8.6,
50,4.1,3.4,
50.5,4,3.4,
51,3.4,3.5,
51.5,3.4,3.6,
52,3.7,3.7,
52.5,3.6,3.8,
53,8.6,3.9,
53.5,3.9,4,
54,8,4.1,
54.5,4.6,4.2,
55,5.5,4.3,
55.5,5.1,4.4,
56,6.3,4.6,
56.5,5.3,4.7,
57,6.9,4.8,
57.5,4.2,4.9,
58,6.5,5.1,
58.5,5.9,5.2,
59,6.6,5.3,
59.5,4.4,5.5,
60,5.7,5.6,
60.5,5.2,5.7,
61,4.7,5.9,
61.5,4.8,6,
62,4.9,6.2,
62.5,6,6.3,
63,6.7,6.5,
63.5,7,6.6,
64,6.2,6.7,
64.5,5.6,6.9,
65,4.3,7,
65.5,7.5,7.2,
66,3.7,7.3,
66.5,3.4,7.5,
67,7.2,7.6,
67.5,3.5,7.8,
68,8,7.9,
68.5,3.4,8,
69,8.3,8.2,
69.5,7.9,8.3,
70,7.8,8.5,
70.5,7.3,8.6,
50,7.6,3.4,
50.5,8.6,3.4,
51,3.6,3.5,
51.5,8.5,3.6,
52,8.2,3.7,
52.5,3.9,3.8,
53,5.1,3.9,
53.5,4.1,4,
54,4.8,4.1,
54.5,4.2,4.2,
55,4.3,4.3,
55.5,4.7,4.4,
56,4.4,4.6,
56.5,3.8,4.7,
57,4.6,4.8,
57.5,4.9,4.9,
58,4,5.1,
58.5,5.2,5.2,
59,7.5,5.3,
59.5,6.6,5.5,
60,5.3,5.6,
60.5,6.7,5.7,
61,6.2,5.9,
61.5,5.7,6,
62,7.3,6.2,
62.5,6.3,6.3,
63,6.5,6.5,
63.5,6,6.6,
64,7,6.7,
64.5,7.6,6.9,
65,5.6,7,
65.5,5.5,7.2,
66,6.9,7.3,
66.5,5.9,7.5,
67,7.2,7.6,
67.5,8.3,7.8,
68,4,7.9,
68.5,4.3,8,
69,8.5,8.2,
69.5,7.9,8.3,
70,4.4,8.5,
70.5,4.2,8.6,
50,3.8,3.4,
50.5,3.4,3.4,
51,3.4,3.5,
51.5,3.7,3.6,
52,7.8,3.7,
52.5,3.9,3.8,
53,4.1,3.9,
53.5,8,4,
54,8.2,4.1,
54.5,3.5,4.2,
55,8.6,4.3,
55.5,3.6,4.4,
56,5.1,4.6,
56.5,4.8,4.7,
57,6.7,4.8,
57.5,5.9,4.9,
58,6.5,5.1,
58.5,6.3,5.2,
59,5.3,5.3,
59.5,5.5,5.5,
60,6,5.6,
60.5,4.7,5.7,
61,5.6,5.9,
61.5,6.6,6,
62,6.2,6.2,
62.5,5.7,6.3,
63,5.2,6.5,
63.5,4.9,6.6,
64,4.6,6.7,
64.5,8.2,6.9,
65,8.3,7,
65.5,7.2,7.2,
66,6.9,7.3,
66.5,7.5,7.5,
67,3.5,7.6,
67.5,3.4,7.8,
68,7,7.9,
68.5,3.6,8,
69,7.3,8.2,
69.5,7.6,8.3,
70,8,8.5,
70.5,3.4,8.6,
50,7.8,3.4,
50.5,7.9,3.4,
51,8.6,3.5,
51.5,8.5,3.6,
52,4.3,3.7,
52.5,4.8,3.8,
53,3.8,3.9,
53.5,3.7,4,
54,4.1,4.1,
54.5,5.3,4.2,
55,5.5,4.3,
55.5,4.4,4.4,
56,4.6,4.6,
56.5,3.9,4.7,
57,4.9,4.8,
57.5,4,4.9,
58,5.1,5.1,
58.5,5.2,5.2,
59,4.7,5.3,
59.5,4.2,5.5,
60,7.8,5.6,
60.5,7.9,5.7,
61,6.6,5.9,
61.5,6.9,6,
62,5.7,6.2,
62.5,5.6,6.3,
63,7,6.5,
63.5,6.3,6.6,
64,7.6,6.7,
64.5,5.9,6.9,
65,6.7,7,
65.5,6,7.2,
66,6.2,7.3,
66.5,7.3,7.5,
67,7.5,7.6,
67.5,7.2,7.8,
68,6.5,7.9,
68.5,4.2,8,
69,4.1,8.2,
69.5,8.2,8.3,
70,3.6,8.5,
70.5,3.5,8.6,
50,8.5,3.4,
50.5,4,3.4,
51,4.4,3.5,
51.5,4.3,3.6,
52,3.9,3.7,
52.5,8,3.8,
53,3.4,3.9,
53.5,8.3,4,
54,3.4,4.1,
54.5,8.6,4.2,
55,3.8,4.3,
55.5,3.7,4.4,
56,4.6,4.6,
56.5,6.5,4.7,
57,4.7,4.8,
57.5,5.3,4.9,
58,5.6,5.1,
58.5,5.7,5.2,
59,5.1,5.3,
59.5,4.8,5.5,
60,5.5,5.6,
60.5,6.7,5.7,
61,5.2,5.9,
61.5,4.9,6,
62,6.3,6.2,
62.5,6,6.3,
63,5.9,6.5,
63.5,6.6,6.6,
64,6.2,6.7,
64.5,8.3,6.9,
65,7.3,7,
65.5,7.9,7.2,
66,7.5,7.3,
66.5,7,7.5,
67,6.9,7.6,
67.5,7.6,7.8,
68,7.8,7.9,
68.5,8.6,8,
69,7.2,8.2,
69.5,8.2,8.3,
70,8.5,8.5,
70.5,8,8.6,
71,9,8.7,
71.5,9.1,8.9,
72,9.9,9,
72.5,9.5,9.1,
73,9.2,9.2,
73.5,9.4,9.4,
74,8.9,9.5,
74.5,9.7,9.6,
75,10,9.7,
75.5,9.8,9.8,
76,8.7,9.9,
76.5,9.6,10,
77,10.1,10.1,
77.5,11.2,10.2,
78,10.9,10.4,
78.5,10.7,10.5,
79,10.2,10.6,
79.5,10.6,10.7,
80,10.5,10.8,
80.5,11.3,10.9,
81,11,11,
81.5,10.4,11.1,
82,10.8,11.2,
82.5,11.1,11.3,
83,12.2,11.4,
83.5,11.5,11.5,
84,12.5,11.5,
84.5,11.4,11.6,
85,12.1,12,
85.5,11.6,12.1,
86,12.6,12.2,
86.5,12.3,12.3,
87,11.5,12.4,
87.5,12.4,12.5,
88,12,12.6,
88.5,13.4,12.8,
89,12.8,12.9,
89.5,13.3,13,
90,13.6,13.1,
90.5,13.2,13.2,
91,12.9,13.3,
91.5,13.1,13.4,
92,13.7,13.6,
92.5,13,13.7,
71,9.5,8.7,
71.5,9,8.9,
72,10.5,9,
72.5,8.9,9.1,
73,9.6,9.2,
73.5,10,9.4,
74,9.9,9.5,
74.5,10.4,9.6,
75,8.7,9.7,
75.5,10.2,9.8,
76,9.4,9.9,
76.5,9.7,10,
77,9.2,10.1,
77.5,9.8,10.2,
78,9.1,10.4,
78.5,10.1,10.5,
79,11.4,10.6,
79.5,11,10.7,
80,11.5,10.8,
80.5,11.1,10.9,
81,11.6,11,
81.5,10.7,11.1,
82,11.3,11.2,
82.5,10.8,11.3,
83,11.5,11.4,
83.5,11.2,11.5,
84,10.9,11.5,
84.5,10.6,11.6,
85,13.3,12,
85.5,13.4,12.1,
86,12.8,12.2,
86.5,12.6,12.3,
87,13,12.4,
87.5,12,12.5,
88,13.1,12.6,
88.5,12.1,12.8,
89,12.2,12.9,
89.5,12.4,13,
90,13.2,13.1,
90.5,12.3,13.2,
91,12.9,13.3,
91.5,12.5,13.4,
92,9.2,13.6,
92.5,9.7,13.7,
71,9.8,8.7,
71.5,10.2,8.9,
72,9.5,9,
72.5,10.4,9.1,
73,8.9,9.2,
73.5,9.1,9.4,
74,13.7,9.5,
74.5,13.6,9.6,
75,9.4,9.7,
75.5,10.1,9.8,
76,8.7,9.9,
76.5,9.9,10,
77,9,10.1,
77.5,9.6,10.2,
78,10,10.4,
78.5,10.8,10.5,
79,10.9,10.6,
79.5,10.7,10.7,
80,11,10.8,
80.5,10.5,10.9,
81,11.5,11,
81.5,11.4,11.1,
82,11.5,11.2,
82.5,11.6,11.3,
83,10.6,11.4,
83.5,11.2,11.5,
84,11.3,11.5,
84.5,11.1,11.6,
85,12,12,
85.5,13,12.1,
86,12.2,12.2,
86.5,13.6,12.3,
87,8.7,12.4,
87.5,13.3,12.5,
88,12.3,12.6,
88.5,8.9,12.8,
89,12.6,12.9,
89.5,12.1,13,
90,13.7,13.1,
90.5,13.2,13.2,
91,12.9,13.3,
91.5,12.5,13.4,
92,13.1,13.6,
92.5,13.4,13.7,
71,12.8,8.7,
71.5,12.4,8.9,
72,10.5,9,
72.5,10.6,9.1,
73,9.5,9.2,
73.5,10.2,9.4,
74,9.4,9.5,
74.5,10,9.6,
75,10.8,9.7,
75.5,9.7,9.8,
76,10.1,9.9,
76.5,9.1,10,
77,9.9,10.1,
77.5,9,10.2,
78,9.6,10.4,
78.5,10.4,10.5,
79,9.2,10.6,
79.5,10.7,10.7,
80,9.8,10.8,
80.5,12.1,10.9,
81,10.9,11,
81.5,12.2,11.1,
82,11.6,11.2,
82.5,12,11.3,
83,12.3,11.4,
83.5,12.5,11.5,
84,12.6,11.5,
84.5,12.4,11.6,
85,11.5,12,
85.5,11.3,12.1,
86,12.8,12.2,
86.5,11.5,12.3,
87,11.1,12.4,
87.5,11.4,12.5,
88,11.2,12.6,
88.5,11,12.8,
89,13.1,12.9,
89.5,9.5,13,
90,13.3,13.1,
90.5,9,13.2,
91,13.6,13.3,
91.5,9.2,13.4,
92,12.9,13.6,
92.5,13.4,13.7,
71,9.4,8.7,
71.5,9.1,8.9,
72,8.7,9,
72.5,8.9,9.1,
73,13.7,9.2,
73.5,13.2,9.4,
74,13,9.5,
74.5,10.1,9.6,
75,9.8,9.7,
75.5,11.2,9.8,
76,10.2,9.9,
76.5,11.4,10,
77,9.9,10.1,
77.5,10.9,10.2,
78,11,10.4,
78.5,11.5,10.5,
79,10.5,10.6,
79.5,11.3,10.7,
80,10.6,10.8,
80.5,10.8,10.9,
81,10.7,11,
81.5,10.4,11.1,
82,11.1,11.2,
82.5,10,11.3,
83,9.7,11.4,
83.5,9.6,11.5,
84,12.6,11.5,
84.5,12.4,11.6,
85,12,12,
85.5,11.5,12.1,
86,12.5,12.2,
86.5,13.2,12.3,
87,13,12.4,
87.5,13.3,12.5,
88,12.9,12.6,
88.5,12.1,12.8,
89,13.1,12.9,
89.5,12.8,13,
90,12.2,13.1,
90.5,11.6,13.2,
91,12.3,13.3,
91.5,9.9,13.4,
92,9.2,13.6,
92.5,9.1,13.7,
71,8.9,8.7,
71.5,9.6,8.9,
72,9.8,9,
72.5,10,9.1,
73,9.7,9.2,
73.5,8.7,9.4,
74,9,9.5,
74.5,13.7,9.6,
75,9.5,9.7,
75.5,9.4,9.8,
76,10.1,9.9,
76.5,13.4,10,
77,13.6,10.1,
77.5,11,10.2,
78,10.6,10.4,
78.5,10.2,10.5,
79,10.5,10.6,
79.5,11.1,10.7,
80,11.2,10.8,
80.5,11.5,10.9,
81,11.6,11,
81.5,10.9,11.1,
82,12,11.2,
82.5,10.7,11.3,
83,10.4,11.4,
83.5,10.8,11.5,
84,11.3,11.5,
84.5,11.4,11.6,
85,11.5,12,
85.5,8.7,12.1,
86,12.9,12.2,
86.5,13.7,12.3,
87,8.9,12.4,
87.5,12.2,12.5,
88,13.1,12.6,
88.5,12.6,12.8,
89,12.8,12.9,
89.5,12.5,13,
90,13.3,13.1,
90.5,12.1,13.2,
91,12.4,13.3,
91.5,13.4,13.4,
92,13.6,13.6,
92.5,13.2,13.7,
71,12.3,8.7,
71.5,9,8.9,
72,13,9,
72.5,10.6,9.1,
73,9.2,9.2,
73.5,10.7,9.4,
74,10.5,9.5,
74.5,9.1,9.6,
75,10.4,9.7,
75.5,9.6,9.8,
76,10.2,9.9,
76.5,10.1,10,
77,9.8,10.1,
77.5,9.5,10.2,
78,9.4,10.4,
78.5,9.7,10.5,
79,10,10.6,
79.5,9.9,10.7,
80,11.6,10.8,
80.5,11.2,10.9,
81,11.5,11,
81.5,11,11.1,
82,12.1,11.2,
82.5,11.3,11.3,
83,12.5,11.4,
83.5,12.6,11.5,
84,12.4,11.5,
84.5,10.9,11.6,
85,10.8,12,
85.5,11.1,12.1,
86,11.5,12.2,
86.5,12,12.3,
87,12.3,12.4,
87.5,12.2,12.5,
88,11.4,12.6,
88.5,9.1,12.8,
89,13.7,12.9,
89.5,9.4,13,
90,13,13.1,
90.5,8.9,13.2,
91,9.5,13.3,
91.5,9,13.4,
92,12.9,13.6,
92.5,9.2,13.7,
71,13.2,8.7,
71.5,9.7,8.9,
72,13.4,9,
72.5,9.6,9.1,
73,13.1,9.2,
73.5,13.6,9.4,
74,13.3,9.5,
74.5,8.7,9.6,
75,12.8,9.7,
75.5,11.5,9.8,
76,11.5,9.9,
76.5,11,10,
77,10.7,10.1,
77.5,10.1,10.2,
78,9.8,10.4,
78.5,11.2,10.5,
79,11.1,10.6,
79.5,10.9,10.7,
80,10.4,10.8,
80.5,12,10.9,
81,11.4,11,
81.5,10,11.1,
82,11.6,11.2,
82.5,11.3,11.3,
83,10.5,11.4,
83.5,9.9,11.5,
84,10.6,11.5,
84.5,10.8,11.6,
85,10.2,12,
85.5,12.1,12.1,
86,12.2,12.2,
86.5,12.3,12.3,
87,12.4,12.4,
87.5,12.5,12.5,
88,12.6,12.6,
88.5,12.8,12.8,
89,12.9,12.9,
89.5,13,13,
90,13.1,13.1,
90.5,13.2,13.2,
91,13.3,13.3,
91.5,13.4,13.4,
92,13.6,13.6,
92.5,13.7,13.7,
71,8.7,8.7,
71.5,8.9,8.9,
72,9,9,
72.5,9.9,9.1,
73,9.6,9.2,
73.5,10,9.4,
74,10.5,9.5,
74.5,10.2,9.6,
75,11,9.7,
75.5,9.2,9.8,
76,9.5,9.9,
76.5,10.4,10,
77,10.8,10.1,
77.5,10.9,10.2,
78,10.1,10.4,
78.5,10.7,10.5,
79,9.8,10.6,
79.5,9.7,10.7,
80,9.1,10.8,
80.5,10.6,10.9,
81,9.4,11,
81.5,11.5,11.1,
82,13,11.2,
82.5,12.5,11.3,
83,13.2,11.4,
83.5,12.2,11.5,
84,11.3,11.5,
84.5,11.4,11.6,
85,12.3,12,
85.5,11.5,12.1,
86,13.1,12.2,
86.5,11.1,12.3,
87,12.4,12.4,
87.5,12.1,12.5,
88,11.6,12.6,
88.5,12.9,12.8,
89,11.2,12.9,
89.5,12.6,13,
90,12.8,13.1,
90.5,12,13.2,
91,9.7,13.3,
91.5,9.6,13.4,
92,9.9,13.6,
92.5,13.6,13.7,
71,10.1,8.7,
71.5,9,8.9,
72,9.4,9,
72.5,8.7,9.1,
73,9.5,9.2,
73.5,13.3,9.4,
74,13.7,9.5,
74.5,8.9,9.6,
75,9.1,9.7,
75.5,10,9.8,
76,9.8,9.9,
76.5,13.4,10,
77,9.2,10.1,
77.5,10.4,10.2,
78,10.8,10.4,
78.5,11.2,10.5,
79,12,10.6,
79.5,11.1,10.7,
80,11.6,10.8,
80.5,10.7,10.9,
81,11.4,11,
81.5,10.5,11.1,
82,11.3,11.2,
82.5,11,11.3,
83,11.5,11.4,
83.5,11.5,11.5,
84,10.2,11.5,
84.5,10.6,11.6,
85,10.9,12,
85.5,12.3,12.1,
86,12.6,12.2,
86.5,9,12.3,
87,8.9,12.4,
87.5,12.5,12.5,
88,12.1,12.6,
88.5,12.4,12.8,
89,13,12.9,
89.5,12.9,13,
90,13.1,13.1,
90.5,12.8,13.2,
91,13.3,13.3,
91.5,12.2,13.4,
92,13.4,13.6,
92.5,13.7,13.7,
71,13.6,8.7,
71.5,8.7,8.9,
72,13.2,9,
72.5,10.1,9.1,
73,11.1,9.2,
73.5,10.8,9.4,
74,9.1,9.5,
74.5,11.3,9.6,
75,9.2,9.7,
75.5,9.8,9.8,
76,10.5,9.9,
76.5,11,10,
77,10.6,10.1,
77.5,9.6,10.2,
78,9.9,10.4,
78.5,10.2,10.5,
79,10.4,10.6,
79.5,10,10.7,
80,9.5,10.8,
80.5,9.4,10.9,
81,10.7,11,
81.5,11.2,11.1,
82,10.9,11.2,
82.5,9.7,11.3,
83,12.5,11.4,
83.5,12.3,11.5,
84,12.8,11.5,
84.5,12.2,11.6,
85,12,12,
85.5,12.6,12.1,
86,11.5,12.2,
86.5,11.6,12.3,
87,12.9,12.4,
87.5,11.4,12.5,
88,11.5,12.6,
88.5,12.4,12.8,
89,12.1,12.9,
89.5,9,13,
90,9.1,13.1,
90.5,13.7,13.2,
91,8.9,13.3,
91.5,8.7,13.4,
92,9.2,13.6,
92.5,13.4,13.7,
71,13,8.7,
71.5,13.1,8.9,
72,13.2,9,
72.5,13.6,9.1,
73,13.3,9.2,
73.5,9.4,9.4,
74,9.5,9.5,
74.5,10.1,9.6,
75,10.4,9.7,
75.5,10.5,9.8,
76,9.7,9.9,
76.5,10.2,10,
77,10.6,10.1,
77.5,9.8,10.2,
78,9.9,10.4,
78.5,9.6,10.5,
79,10,10.6,
79.5,11.6,10.7,
80,11.5,10.8,
80.5,10.9,10.9,
81,10.7,11,
81.5,11.1,11.1,
82,12.1,11.2,
82.5,11.2,11.3,
83,12.4,11.4,
83.5,11.5,11.5,
84,12,11.5,
84.5,10.8,11.6,
85,11,12,
85.5,12.2,12.1,
86,11.4,12.2,
86.5,12.3,12.3,
87,11.3,12.4,
87.5,13.7,12.5,
88,12.9,12.6,
88.5,13.6,12.8,
89,13.2,12.9,
89.5,13,13,
90,8.9,13.1,
90.5,13.1,13.2,
91,12.8,13.3,
91.5,12.6,13.4,
92,12.5,13.6,
92.5,8.7,13.7,
71,13.3,8.7,
71.5,13.4,8.9,
72,9.1,9,
72.5,10.4,9.1,
73,10.2,9.2,
73.5,10.1,9.4,
74,9.6,9.5,
74.5,9.4,9.6,
75,9.7,9.7,
75.5,9.2,9.8,
76,10,9.9,
76.5,9.8,10,
77,9,10.1,
77.5,9.5,10.2,
78,9.9,10.4,
78.5,12,10.5,
79,11.5,10.6,
79.5,11.6,10.7,
80,12.2,10.8,
80.5,10.5,10.9,
81,11.2,11,
81.5,11.1,11.1,
82,11.3,11.2,
82.5,12.3,11.3,
83,10.8,11.4,
83.5,11.4,11.5,
84,10.9,11.5,
84.5,10.6,11.6,
85,12.1,12,
85.5,10.7,12.1,
86,11.5,12.2,
86.5,11,12.3,
87,8.9,12.4,
87.5,12.5,12.5,
88,9.5,12.6,
88.5,12.8,12.8,
89,9.2,12.9,
89.5,12.6,13,
90,13.1,13.1,
90.5,9,13.2,
91,13.3,13.3,
91.5,12.4,13.4,
92,9.4,13.6,
92.5,13,13.7,
71,13.6,8.7,
71.5,8.7,8.9,
72,12.9,9,
72.5,13.2,9.1,
73,13.4,9.2,
73.5,9.1,9.4,
74,13.7,9.5,
74.5,9.7,9.6,
75,9.9,9.7,
75.5,10.7,9.8,
76,10.5,9.9,
76.5,10,10,
77,10.2,10.1,
77.5,9.8,10.2,
78,10.6,10.4,
78.5,10.4,10.5,
79,10.1,10.6,
79.5,10.8,10.7,
80,9.6,10.8,
80.5,11.3,10.9,
81,11.5,11,
81.5,11.1,11.1,
82,11.5,11.2,
82.5,12.3,11.3,
83,10.9,11.4,
83.5,12,11.5,
84,11.6,11.5,
84.5,11.4,11.6,
85,11.2,12,
85.5,12.2,12.1,
86,12.1,12.2,
86.5,11,12.3,
87,12.4,12.4,
87.5,12.5,12.5,
88,9,12.6,
88.5,13.6,12.8,
89,8.7,12.9,
89.5,12.9,13,
90,13.2,13.1,
90.5,13,13.2,
91,8.9,13.3,
91.5,13.3,13.4,
92,9.2,13.6,
92.5,13.7,13.7,
71,9.1,8.7,
71.5,13.1,8.9,
72,13.4,9,
72.5,12.6,9.1,
73,12.8,9.2,
73.5,10.4,9.4,
74,10.8,9.5,
74.5,11.1,9.6,
75,9.5,9.7,
75.5,9.8,9.8,
76,10.2,9.9,
76.5,11,10,
77,11.2,10.1,
77.5,10.1,10.2,
78,9.6,10.4,
78.5,9.4,10.5,
79,10,10.6,
79.5,9.7,10.7,
80,10.6,10.8,
80.5,10.9,10.9,
81,9.9,11,
81.5,10.5,11.1,
82,10.7,11.2,
82.5,11.5,11.3,
83,12.2,11.4,
83.5,12.4,11.5,
84,12.5,11.5,
84.5,11.6,11.6,
85,12.3,12,
85.5,12.1,12.1,
86,12,12.2,
86.5,12.8,12.3,
87,11.4,12.4,
87.5,11.3,12.5,
88,12.6,12.6,
88.5,11.5,12.8,
89,12.9,12.9,
89.5,13,13,
90,9,13.1,
90.5,13.4,13.2,
91,8.9,13.3,
91.5,8.7,13.4,
92,13.3,13.6,
92.5,13.6,13.7,
71,13.2,8.7,
71.5,13.1,8.9,
72,13.7,9,
72.5,9.7,9.1,
73,9.8,9.2,
73.5,9.2,9.4,
74,9.4,9.5,
74.5,9.1,9.6,
75,10,9.7,
75.5,10.1,9.8,
76,9.9,9.9,
76.5,9.5,10,
77,9.6,10.1,
77.5,11.3,10.2,
78,10.7,10.4,
78.5,11.2,10.5,
79,10.4,10.6,
79.5,11,10.7,
80,10.9,10.8,
80.5,10.5,10.9,
81,10.2,11,
81.5,10.8,11.1,
82,11.1,11.2,
82.5,10.6,11.3,
83,13.6,11.4,
83.5,11.4,11.5,
84,12,11.5,
84.5,11.6,11.6,
85,13.3,12,
85.5,11.5,12.1,
86,12.9,12.2,
86.5,13.2,12.3,
87,12.3,12.4,
87.5,13,12.5,
88,12.2,12.6,
88.5,12.1,12.8,
89,13.4,12.9,
89.5,12.5,13,
90,13.1,13.1,
90.5,12.4,13.2,
91,13.7,13.3,
91.5,12.8,13.4,
92,12.6,13.6,
92.5,11.5,13.7,
71,10,8.7,
71.5,9.4,8.9,
72,8.9,9,
72.5,9.8,9.1,
73,9.5,9.2,
73.5,9.9,9.4,
74,9.7,9.5,
74.5,9.1,9.6,
75,9.6,9.7,
75.5,9,9.8,
76,8.7,9.9,
76.5,9.2,10,
77,10.9,10.1,
77.5,11.6,10.2,
78,11.2,10.4,
78.5,10.6,10.5,
79,12.3,10.6,
79.5,12,10.7,
80,12.1,10.8,
80.5,10.7,10.9,
81,10.8,11,
81.5,12.4,11.1,
82,12.5,11.2,
82.5,10.4,11.3,
83,12.2,11.4,
83.5,10.1,11.5,
84,11.1,11.5,
84.5,11,11.6,
85,11.5,12,
85.5,11.5,12.1,
86,10.2,12.2,
86.5,11.3,12.3,
87,10.5,12.4,
87.5,11.4,12.5,
88,13.1,12.6,
88.5,13.3,12.8,
89,13.6,12.9,
89.5,13.7,13,
90,12.9,13.1,
90.5,13.4,13.2,
91,13.2,13.3,
91.5,12.8,13.4,
92,12.6,13.6,
92.5,13,13.7,
71,9.7,8.7,
71.5,9.2,8.9,
72,9.1,9,
72.5,9.6,9.1,
73,9.8,9.2,
73.5,9,9.4,
74,9.9,9.5,
74.5,9.5,9.6,
75,9.4,9.7,
75.5,8.7,9.8,
76,8.9,9.9,
76.5,10.8,10,
77,11.1,10.1,
77.5,10.2,10.2,
78,10,10.4,
78.5,10.6,10.5,
79,10.5,10.6,
79.5,11.2,10.7,
80,10.7,10.8,
80.5,11.3,10.9,
81,10.1,11,
81.5,10.4,11.1,
82,11,11.2,
82.5,11.5,11.3,
83,13,11.4,
83.5,11.4,11.5,
84,12.1,11.5,
84.5,12.9,11.6,
85,12.2,12,
85.5,11.5,12.1,
86,12,12.2,
86.5,12.8,12.3,
87,12.6,12.4,
87.5,11.6,12.5,
88,10.9,12.6,
88.5,12.5,12.8,
89,12.4,12.9,
89.5,12.3,13,
90,13.4,13.1,
90.5,13.2,13.2,
91,13.3,13.3,
91.5,13.7,13.4,
92,13.6,13.6,
92.5,13.1,13.7,
71,10.6,8.7,
71.5,10.7,8.9,
72,10.2,9,
72.5,9.1,9.1,
73,10.1,9.2,
73.5,8.7,9.4,
74,9.6,9.5,
74.5,9.2,9.6,
75,9.7,9.7,
75.5,9.8,9.8,
76,8.9,9.9,
76.5,9,10,
77,10,10.1,
77.5,9.4,10.2,
78,10.5,10.4,
78.5,9.9,10.5,
79,10.4,10.6,
79.5,9.5,10.7,
80,12,10.8,
80.5,11.5,10.9,
81,11.6,11,
81.5,11.2,11.1,
82,12.1,11.2,
82.5,10.8,11.3,
83,11.5,11.4,
83.5,10.9,11.5,
84,11.4,11.5,
84.5,11.3,11.6,
85,11,12,
85.5,11.1,12.1,
86,12.5,12.2,
86.5,13.2,12.3,
87,12.9,12.4,
87.5,12.6,12.5,
88,12.4,12.6,
88.5,13.6,12.8,
89,13,12.9,
89.5,13.4,13,
90,13.1,13.1,
90.5,12.3,13.2,
91,13.7,13.3,
91.5,13.3,13.4,
92,12.8,13.6,
92.5,12.2,13.7,
71,10.5,8.7,
71.5,9.7,8.9,
72,10.4,9,
72.5,9.9,9.1,
73,8.7,9.2,
73.5,9.1,9.4,
74,9.5,9.5,
74.5,9.2,9.6,
75,10,9.7,
75.5,9,9.8,
76,8.9,9.9,
76.5,10.1,10,
77,9.8,10.1,
77.5,9.6,10.2,
78,9.4,10.4,
78.5,10.2,10.5,
79,10.7,10.6,
79.5,11.2,10.7,
80,11.4,10.8,
80.5,11,10.9,
81,11.1,11,
81.5,11.5,11.1,
82,10.6,11.2,
82.5,12,11.3,
83,11.5,11.4,
83.5,11.3,11.5,
84,11.6,11.5,
84.5,10.9,11.6,
85,10.8,12,
85.5,13.7,12.1,
86,13.3,12.2,
86.5,13.6,12.3,
87,12.9,12.4,
87.5,12.4,12.5,
88,13.2,12.6,
88.5,12.3,12.8,
89,12.8,12.9,
89.5,12.6,13,
90,13,13.1,
90.5,12.5,13.2,
91,12.1,13.3,
91.5,13.1,13.4,
92,12.2,13.6,
92.5,13.4,13.7,
71,9.7,8.7,
71.5,9.8,8.9,
72,9.9,9,
72.5,9.2,9.1,
73,9.6,9.2,
73.5,9.1,9.4,
74,10,9.5,
74.5,8.9,9.6,
75,9.5,9.7,
75.5,9.4,9.8,
76,8.7,9.9,
76.5,10.1,10,
77,9,10.1,
77.5,11.4,10.2,
78,10.2,10.4,
78.5,10.9,10.5,
79,11.1,10.6,
79.5,11.5,10.7,
80,11.3,10.8,
80.5,11.2,10.9,
81,11,11,
81.5,10.7,11.1,
82,10.8,11.2,
82.5,10.5,11.3,
83,10.6,11.4,
83.5,10.4,11.5,
84,12.9,11.5,
84.5,12.8,11.6,
85,13,12,
85.5,13.1,12.1,
86,11.5,12.2,
86.5,12,12.3,
87,12.4,12.4,
87.5,12.1,12.5,
88,11.6,12.6,
88.5,12.3,12.8,
89,12.2,12.9,
89.5,12.6,13,
90,12.5,13.1,
90.5,13.7,13.2,
91,13.6,13.3,
91.5,13.2,13.4,
92,13.4,13.6,
92.5,13.3,13.7,
71,10,8.7,
71.5,9.7,8.9,
72,9.6,9,
72.5,10.2,9.1,
73,8.9,9.2,
73.5,10.1,9.4,
74,9.4,9.5,
74.5,9.8,9.6,
75,9.9,9.7,
75.5,9,9.8,
76,8.7,9.9,
76.5,9.1,10,
77,9.5,10.1,
77.5,9.2,10.2,
78,10.6,10.4,
78.5,11.4,10.5,
79,11.3,10.6,
79.5,11,10.7,
80,10.9,10.8,
80.5,10.5,10.9,
81,10.4,11,
81.5,10.8,11.1,
82,10.7,11.2,
82.5,11.2,11.3,
83,11.1,11.4,
83.5,12.3,11.5,
84,12.1,11.5,
84.5,12.4,11.6,
85,13.3,12,
85.5,11.5,12.1,
86,11.6,12.2,
86.5,12.2,12.3,
87,13.2,12.4,
87.5,12.9,12.5,
88,12.6,12.6,
88.5,11.5,12.8,
89,12,12.9,
89.5,13,13,
90,12.8,13.1,
90.5,13.4,13.2,
91,12.5,13.3,
91.5,13.7,13.4,
92,13.6,13.6,
92.5,13.1,13.7,
71,9.6,8.7,
71.5,8.9,8.9,
72,9,9,
72.5,9.7,9.1,
73,9.5,9.2,
73.5,10,9.4,
74,9.4,9.5,
74.5,9.8,9.6,
75,8.7,9.7,
75.5,9.9,9.8,
76,9.1,9.9,
76.5,9.2,10,
77,11.2,10.1,
77.5,11.5,10.2,
78,10.9,10.4,
78.5,10.8,10.5,
79,10.5,10.6,
79.5,11.1,10.7,
80,11,10.8,
80.5,10.7,10.9,
81,11.5,11,
81.5,11.6,11.1,
82,10.4,11.2,
82.5,10.6,11.3,
83,11.4,11.4,
83.5,10.1,11.5,
84,11.3,11.5,
84.5,10.2,11.6,
85,12.8,12,
85.5,12,12.1,
86,13.2,12.2,
86.5,12.2,12.3,
87,12.3,12.4,
87.5,13,12.5,
88,12.4,12.6,
88.5,12.6,12.8,
89,12.5,12.9,
89.5,12.1,13,
90,13.1,13.1,
90.5,12.9,13.2,
91,13.3,13.3,
91.5,13.4,13.4,
92,13.6,13.6,
92.5,13.7,13.7,
71,8.7,8.7,
71.5,10.6,8.9,
72,10,9,
72.5,9.1,9.1,
73,10.1,9.2,
73.5,9.4,9.4,
74,9,9.5,
74.5,9.6,9.6,
75,9.8,9.7,
75.5,9.9,9.8,
76,10.7,9.9,
76.5,8.9,10,
77,9.7,10.1,
77.5,9.5,10.2,
78,10.2,10.4,
78.5,10.5,10.5,
79,10.4,10.6,
79.5,9.2,10.7,
80,12,10.8,
80.5,12.4,10.9,
81,12.1,11,
81.5,10.8,11.1,
82,11.4,11.2,
82.5,11.3,11.3,
83,11.5,11.4,
83.5,12.3,11.5,
84,11.5,11.5,
84.5,12.2,11.6,
85,11.2,12,
85.5,11,12.1,
86,12.5,12.2,
86.5,11.1,12.3,
87,11.6,12.4,
87.5,10.9,12.5,
88,12.8,12.6,
88.5,12.6,12.8,
89,9.7,12.9,
89.5,9.4,13,
90,9,13.1,
90.5,13.3,13.2,
91,9.2,13.3,
91.5,9.5,13.4,
92,13.2,13.6,
92.5,12.9,13.7,
71,9.6,8.7,
71.5,13.7,8.9,
72,13.6,9,
72.5,8.9,9.1,
73,13.4,9.2,
73.5,8.7,9.4,
74,13.1,9.5,
74.5,13,9.6,
75,9.1,9.7,
75.5,11.1,9.8,
76,10.7,9.9,
76.5,10,10,
77,10.9,10.1,
77.5,10.4,10.2,
78,10.1,10.4,
78.5,9.8,10.5,
79,10.8,10.6,
79.5,10.2,10.7,
80,9.9,10.8,
80.5,10.6,10.9,
81,11,11,
81.5,11.3,11.1,
82,10.5,11.2,
82.5,11.2,11.3,
83,12.4,11.4,
83.5,12,11.5,
84,12.1,11.5,
84.5,12.8,11.6,
85,12.9,12,
85.5,12.5,12.1,
86,11.5,12.2,
86.5,11.4,12.3,
87,12.3,12.4,
87.5,12.6,12.5,
88,12.2,12.6,
88.5,11.5,12.8,
89,11.6,12.9,
89.5,13.2,13,
90,13.4,13.1,
90.5,13.7,13.2,
91,13.6,13.3,
91.5,13.1,13.4,
92,13.3,13.6,
92.5,13,13.7,
93,13.8,13.8,
93.5,14.3,13.9,
94,14.2,14,
94.5,15.8,14.2,
95,15.7,14.3,
95.5,15.6,14.4,
96,14.7,14.5,
96.5,14.5,14.7,
97,13.9,14.8,
97.5,16.4,14.9,
98,16.1,15,
98.5,14.9,15.2,
99,14.8,15.3,
99.5,16.7,15.4,
100,16.5,15.6,
100.5,16.2,15.7,
101,15.2,15.8,
101.5,14.4,16,
102,16,16.1,
102.5,14,16.2,
103,15,16.4,
103.5,15.3,16.5,
104,15.4,16.7,
104.5,17.1,16.8,
105,17.4,16.9,
105.5,18.4,17.1,
106,19.6,17.2,
106.5,18.8,17.4,
107,19.3,17.5,
107.5,16.8,17.7,
108,19.8,17.8,
108.5,19.1,18,
109,18,18.1,
109.5,17.5,18.3,
110,17.2,18.4,
110.5,19.9,18.6,
111,18.1,18.8,
111.5,19.4,18.9,
112,17.8,19.1,
112.5,18.3,19.3,
113,17.7,19.4,
113.5,18.9,19.6,
114,18.6,19.8,
114.5,16.9,19.9,
115,20.3,20.1,
115.5,23.7,20.3,
116,22.4,20.5,
116.5,21.8,20.7,
117,21.4,20.8,
117.5,20.7,21,
118,24.2,21,
118.5,20.1,21.4,
119,24.4,21.6,
119.5,24.7,21.8,
120,21,22,
120.5,23.3,22.2,
121,23.5,22.4,
121.5,22.8,22.6,
122,20.8,22.8,
122.5,22.2,23.1,
123,20.5,23.3,
123.5,21,23.5,
124,24,23.7,
124.5,24.9,24,
125,22.6,24.2,
125.5,23.1,24.4,
126,22,24.7,
126.5,21.6,24.9,
127,25.2,25.2,
127.5,25.4,25.4,
128,25.7,25.7,
128.5,26,26,
129,26.2,26.2,
129.5,26.5,26.5,
130,26.8,26.8,
130.5,27.1,27.1,
131,27.4,27.4,
131.5,27.6,27.6,
132,27.9,27.9,
132.5,28.2,28.2,
133,28.6,28.6,
133.5,28.9,28.9,
134,29.2,29.2,
134.5,29.5,29.5,
135,29.8,29.8,
135.5,30.2,30.2,
136,30.5,30.5,
136.5,30.9,30.9,
137,31.2,31.2,
93,13.8,13.8,
93.5,13.9,13.9,
94,14,14,
94.5,14.2,14.2,
95,14.3,14.3,
95.5,14.4,14.4,
96,14.5,14.5,
96.5,14.7,14.7,
97,14.8,14.8,
97.5,14.9,14.9,
98,15,15,
98.5,15.2,15.2,
99,15.3,15.3,
99.5,15.4,15.4,
100,15.6,15.6,
100.5,15.7,15.7,
101,15.8,15.8,
101.5,16.9,16,
102,16.7,16.1,
102.5,16.2,16.2,
103,16.8,16.4,
103.5,16.4,16.5,
104,18.8,16.7,
104.5,16.5,16.8,
105,18.1,16.9,
105.5,17.1,17.1,
106,19.1,17.2,
106.5,18.3,17.4,
107,18.9,17.5,
107.5,16.1,17.7,
108,17.8,17.8,
108.5,17.5,18,
109,17.4,18.1,
109.5,18.4,18.3,
110,18.6,18.4,
110.5,17.7,18.6,
111,16,18.8,
111.5,18,18.9,
112,19.3,19.1,
112.5,17.2,19.3,
113,23.1,19.4,
113.5,21.6,19.6,
114,20.3,19.8,
114.5,22.4,19.9,
115,19.4,20.1,
115.5,20.7,20.3,
116,20.8,20.5,
116.5,20.1,20.7,
117,21,20.8,
117.5,19.9,21,
118,21.4,21,
118.5,20.5,21.4,
119,21.8,21.6,
119.5,22,21.8,
120,19.8,22,
120.5,21,22.2,
121,22.6,22.4,
121.5,22.2,22.6,
122,19.6,22.8,
122.5,22.8,23.1,
123,25.4,23.3,
123.5,24,23.5,
124,29.5,23.7,
124.5,26.5,24,
125,23.7,24.2,
125.5,26.8,24.4,
126,24.4,24.7,
126.5,29.2,24.9,
127,24.9,25.2,
127.5,27.9,25.4,
128,30.9,25.7,
128.5,26,26,
129,25.2,26.2,
129.5,28.2,26.5,
130,28.9,26.8,
130.5,30.2,27.1,
131,23.3,27.4,
131.5,28.6,27.6,
132,25.7,27.9,
132.5,27.4,28.2,
133,24.2,28.6,
133.5,27.6,28.9,
134,26.2,29.2,
134.5,24.7,29.5,
135,29.8,29.8,
135.5,23.5,30.2,
136,27.1,30.5,
136.5,30.5,30.9,
137,15.6,31.2,
93,16,13.8,
93.5,16.8,13.9,
94,13.9,14,
94.5,14.2,14.2,
95,15,14.3,
95.5,15.3,14.4,
96,16.1,14.5,
96.5,16.4,14.7,
97,14.8,14.8,
97.5,14.7,14.9,
98,16.7,15,
98.5,16.5,15.2,
99,15.4,15.3,
99.5,15.8,15.4,
100,14,15.6,
100.5,13.8,15.7,
101,14.4,15.8,
101.5,15.2,16,
102,14.5,16.1,
102.5,16.2,16.2,
103,14.9,16.4,
103.5,31.2,16.5,
104,15.7,16.7,
104.5,14.3,16.8,
105,19.1,16.9,
105.5,19.8,17.1,
106,17.5,17.2,
106.5,17.4,17.4,
107,17.1,17.5,
107.5,18.3,17.7,
108,19.3,17.8,
108.5,16.9,18,
109,18.1,18.1,
109.5,18.6,18.3,
110,19.4,18.4,
110.5,18,18.6,
111,17.2,18.8,
111.5,18.4,18.9,
112,19.6,19.1,
112.5,17.8,19.3,
113,18.9,19.4,
113.5,17.7,19.6,
114,19.9,19.8,
114.5,18.8,19.9,
115,20.1,20.1,
115.5,20.3,20.3,
116,22.2,20.5,
116.5,23.7,20.7,
117,24.9,20.8,
117.5,22.8,21,
118,24,21,
118.5,24.7,21.4,
119,21,21.6,
119.5,21.8,21.8,
120,20.8,22,
120.5,22.6,22.2,
121,25.4,22.4,
121.5,22.4,22.6,
122,21,22.8,
122.5,24.2,23.1,
123,25.2,23.3,
123.5,21.4,23.5,
124,23.1,23.7,
124.5,20.5,24,
125,21.6,24.2,
125.5,25.7,24.4,
126,23.5,24.7,
126.5,22,24.9,
127,20.7,25.2,
127.5,23.3,25.4,
128,24.4,25.7,
128.5,29.5,26,
129,31.2,26.2,
129.5,27.6,26.5,
130,29.2,26.8,
130.5,29.8,27.1,
131,13.8,27.4,
131.5,30.9,27.6,
132,30.2,27.9,
132.5,30.5,28.2,
133,26,28.6,
133.5,26.2,28.9,
134,26.8,29.2,
134.5,28.6,29.5,
135,27.9,29.8,
135.5,27.4,30.2,
136,27.1,30.5,
136.5,28.9,30.9,
137,26.5,31.2,
93,28.2,13.8,
93.5,14.3,13.9,
94,16.4,14,
94.5,15.4,14.2,
95,16.1,14.3,
95.5,16.2,14.4,
96,16,14.5,
96.5,15.2,14.7,
97,14.7,14.8,
97.5,14.8,14.9,
98,15.6,15,
98.5,15,15.2,
99,14,15.3,
99.5,16.5,15.4,
100,15.8,15.6,
100.5,14.9,15.7,
101,16.9,15.8,
101.5,14.4,16,
102,15.7,16.1,
102.5,13.9,16.2,
103,14.5,16.4,
103.5,16.7,16.5,
104,14.2,16.7,
104.5,16.8,16.8,
105,15.3,16.9,
105.5,19.8,17.1,
106,18,17.2,
106.5,17.8,17.4,
107,17.1,17.5,
107.5,19.3,17.7,
108,18.3,17.8,
108.5,20.3,18,
109,17.2,18.1,
109.5,19.9,18.3,
110,19.1,18.4,
110.5,18.6,18.6,
111,19.4,18.8,
111.5,19.6,18.9,
112,18.9,19.1,
112.5,20.5,19.3,
113,18.8,19.4,
113.5,17.4,19.6,
114,18.4,19.8,
114.5,17.5,19.9,
115,20.1,20.1,
115.5,20.7,20.3,
116,18.1,20.5,
116.5,17.7,20.7,
117,22.6,20.8,
117.5,21.6,21,
118,22.8,21,
118.5,22.4,21.4,
119,24.2,21.6,
119.5,23.7,21.8,
120,20.8,22,
120.5,21.8,22.2,
121,24.4,22.4,
121.5,24.9,22.6,
122,24.7,22.8,
122.5,24,23.1,
123,22,23.3,
123.5,21,23.5,
124,23.3,23.7,
124.5,23.5,24,
125,25.2,24.2,
125.5,21,24.4,
126,21.4,24.7,
126.5,23.1,24.9,
127,22.2,25.2,
127.5,27.4,25.4,
128,26.5,25.7,
128.5,28.2,26,
129,27.9,26.2,
129.5,30.9,26.5,
130,30.2,26.8,
130.5,26.2,27.1,
131,29.8,27.4,
131.5,26,27.6,
132,29.5,27.9,
132.5,26.8,28.2,
133,13.8,28.6,
133.5,28.6,28.9,
134,25.4,29.2,
134.5,29.2,29.5,
135,27.6,29.8,
135.5,28.9,30.2,
136,31.2,30.5,
136.5,30.5,30.9,
137,27.1,31.2,
93,25.7,13.8,
93.5,14.4,13.9,
94,14.5,14,
94.5,14.9,14.2,
95,16.8,14.3,
95.5,16,14.4,
96,14,14.5,
96.5,15.3,14.7,
97,14.7,14.8,
97.5,16.7,14.9,
98,15.8,15,
98.5,14.3,15.2,
99,14.8,15.3,
99.5,15.4,15.4,
100,15.7,15.6,
100.5,16.4,15.7,
101,16.1,15.8,
101.5,16.5,16,
102,15,16.1,
102.5,15.6,16.2,
103,13.9,16.4,
103.5,14.2,16.5,
104,16.2,16.7,
104.5,15.2,16.8,
105,18.8,16.9,
105.5,17.5,17.1,
106,17.8,17.2,
106.5,16.9,17.4,
107,18.4,17.5,
107.5,21,17.7,
108,19.1,17.8,
108.5,20.8,18,
109,18.6,18.1,
109.5,17.1,18.3,
110,20.7,18.4,
110.5,19.6,18.6,
111,19.4,18.8,
111.5,20.5,18.9,
112,21.4,19.1,
112.5,18.9,19.3,
113,17.4,19.4,
113.5,21,19.6,
114,20.1,19.8,
114.5,17.7,19.9,
115,19.3,20.1,
115.5,20.3,20.3,
116,18.1,20.5,
116.5,19.8,20.7,
117,18,20.8,
117.5,17.2,21,
118,19.9,21,
118.5,18.3,21.4,
119,21.6,21.6,
119.5,27.4,21.8,
120,24.7,22,
120.5,29.8,22.2,
121,22,22.4,
121.5,28.6,22.6,
122,24.9,22.8,
122.5,23.3,23.1,
123,22.4,23.3,
123.5,24.4,23.5,
124,24.2,23.7,
124.5,24,24,
125,27.6,24.2,
125.5,21.8,24.4,
126,22.2,24.7,
126.5,25.2,24.9,
127,29.2,25.2,
127.5,23.1,25.4,
128,27.1,25.7,
128.5,27.9,26,
129,22.6,26.2,
129.5,26,26.5,
130,28.9,26.8,
130.5,23.7,27.1,
131,22.8,27.4,
131.5,26.2,27.6,
132,26.8,27.9,
132.5,30.2,28.2,
133,29.5,28.6,
133.5,23.5,28.9,
134,28.2,29.2,
134.5,25.7,29.5,
135,25.4,29.8,
135.5,26.5,30.2,
136,30.9,30.5,
136.5,13.9,30.9,
137,14.2,31.2,
93,14.9,13.8,
93.5,15.6,13.9,
94,31.2,14,
94.5,14.5,14.2,
95,15.7,14.3,
95.5,30.5,14.4,
96,14.7,14.5,
96.5,13.8,14.7,
97,15,14.8,
97.5,15.4,14.9,
98,15.2,15,
98.5,14.3,15.2,
99,14.8,15.3,
99.5,15.3,15.4,
100,14.4,15.6,
100.5,14,15.7,
101,17.8,15.8,
101.5,17.7,16,
102,16.4,16.1,
102.5,16.2,16.2,
103,16.8,16.4,
103.5,17.1,16.5,
104,16,16.7,
104.5,16.7,16.8,
105,17.4,16.9,
105.5,15.8,17.1,
106,16.9,17.2,
106.5,18,17.4,
107,18.1,17.5,
107.5,16.5,17.7,
108,17.2,17.8,
108.5,17.5,18,
109,16.1,18.1,
109.5,19.4,18.3,
110,20.7,18.4,
110.5,18.3,18.6,
111,20.5,18.8,
111.5,21.4,18.9,
112,21,19.1,
112.5,19.9,19.3,
113,20.1,19.4,
113.5,19.8,19.6,
114,18.4,19.8,
114.5,19.1,19.9,
115,20.8,20.1,
115.5,21,20.3,
116,19.6,20.5,
116.5,19.3,20.7,
117,18.8,20.8,
117.5,18.9,21,
118,20.3,21,
118.5,21.8,21.4,
119,21.6,21.6,
119.5,18.6,21.8,
120,25.7,22,
120.5,22.4,22.2,
121,24.4,22.4,
121.5,26.2,22.6,
122,23.7,22.8,
122.5,22.6,23.1,
123,22,23.3,
123.5,26,23.5,
124,22.2,23.7,
124.5,25.2,24,
125,22.8,24.2,
125.5,23.5,24.4,
126,23.3,24.7,
126.5,25.4,24.9,
127,24.2,25.2,
127.5,23.1,25.4,
128,24,25.7,
128.5,24.7,26,
129,24.9,26.2,
129.5,26.8,26.5,
130,29.8,26.8,
130.5,29.5,27.1,
131,27.6,27.4,
131.5,29.2,27.6,
132,31.2,27.9,
132.5,30.9,28.2,
133,30.5,28.6,
133.5,27.1,28.9,
134,27.4,29.2,
134.5,13.8,29.5,
135,28.9,29.8,
135.5,28.2,30.2,
136,30.2,30.5,
136.5,26.5,30.9,
137,27.9,31.2,
93,28.6,13.8,
93.5,16.2,13.9,
94,15.6,14,
94.5,13.9,14.2,
95,16.1,14.3,
95.5,15.3,14.4,
96,16.7,14.5,
96.5,15,14.7,
97,14.7,14.8,
97.5,15.2,14.9,
98,16,15,
98.5,14.5,15.2,
99,14.4,15.3,
99.5,15.8,15.4,
100,15.4,15.6,
100.5,14.2,15.7,
101,16.4,15.8,
101.5,14.8,16,
102,16.5,16.1,
102.5,14,16.2,
103,14.3,16.4,
103.5,15.7,16.5,
104,14.9,16.7,
104.5,16.8,16.8,
105,19.4,16.9,
105.5,18.8,17.1,
106,17.2,17.2,
106.5,18.6,17.4,
107,17.8,17.5,
107.5,18.4,17.7,
108,19.3,17.8,
108.5,18.1,18,
109,18.9,18.1,
109.5,17.5,18.3,
110,18.3,18.4,
110.5,18,18.6,
111,19.1,18.8,
111.5,16.9,18.9,
112,17.7,19.1,
112.5,19.6,19.3,
113,17.4,19.4,
113.5,17.1,19.6,
114,22.6,19.8,
114.5,22.8,19.9,
115,21,20.1,
115.5,21,20.3,
116,20.3,20.5,
116.5,19.9,20.7,
117,20.5,20.8,
117.5,19.8,21,
118,21.6,21,
118.5,21.8,21.4,
119,22.2,21.6,
119.5,21.4,21.8,
120,20.8,22,
120.5,20.7,22.2,
121,20.1,22.4,
121.5,22.4,22.6,
122,22,22.8,
122.5,25.4,23.1,
123,24.7,23.3,
123.5,27.1,23.5,
124,24,23.7,
124.5,26.2,24,
125,23.7,24.2,
125.5,24.2,24.4,
126,26.8,24.7,
126.5,26.5,24.9,
127,23.5,25.2,
127.5,23.1,25.4,
128,23.3,25.7,
128.5,26,26,
129,24.9,26.2,
129.5,24.4,26.5,
130,27.4,26.8,
130.5,25.2,27.1,
131,25.7,27.4,
131.5,13.8,27.6,
132,30.9,27.9,
132.5,28.6,28.2,
133,30.5,28.6,
133.5,29.2,28.9,
134,14.3,29.2,
134.5,28.9,29.5,
135,30.2,29.8,
135.5,29.5,30.2,
136,14.2,30.5,
136.5,27.9,30.9,
137,29.8,31.2,
93,27.6,13.8,
93.5,13.9,13.9,
94,31.2,14,
94.5,14,14.2,
95,14.4,14.3,
95.5,28.2,14.4,
96,15,14.5,
96.5,15.3,14.7,
97,15.4,14.8,
97.5,16.1,14.9,
98,14.7,15,
98.5,14.9,15.2,
99,16.4,15.3,
99.5,16,15.4,
100,14.8,15.6,
100.5,15.8,15.7,
101,14.5,15.8,
101.5,15.7,16,
102,15.6,16.1,
102.5,16.2,16.2,
103,15.2,16.4,
103.5,16.7,16.5,
104,16.8,16.7,
104.5,16.5,16.8,
105,18.9,16.9,
105.5,18.4,17.1,
106,19.3,17.2,
106.5,18.1,17.4,
107,17.8,17.5,
107.5,19.4,17.7,
108,19.1,17.8,
108.5,17.4,18,
109,17.7,18.1,
109.5,18,18.3,
110,18.3,18.4,
110.5,16.9,18.6,
111,17.1,18.8,
111.5,18.6,18.9,
112,17.2,19.1,
112.5,18.8,19.3,
113,17.5,19.4,
113.5,20.3,19.6,
114,20.1,19.8,
114.5,21.4,19.9,
115,22.4,20.1,
115.5,22.2,20.3,
116,20.5,20.5,
116.5,21.8,20.7,
117,21,20.8,
117.5,20.7,21,
118,21.6,21,
118.5,19.8,21.4,
119,20.8,21.6,
119.5,19.6,21.8,
120,19.9,22,
120.5,21,22.2,
121,22,22.4,
121.5,26.5,22.6,
122,23.3,22.8,
122.5,22.8,23.1,
123,25.7,23.3,
123.5,27.4,23.5,
124,24.9,23.7,
124.5,24.7,24,
125,23.1,24.2,
125.5,26.8,24.4,
126,26.2,24.7,
126.5,23.5,24.9,
127,25.2,25.2,
127.5,22.6,25.4,
128,25.4,25.7,
128.5,26,26,
129,24.4,26.2,
129.5,27.1,26.5,
130,23.7,26.8,
130.5,24,27.1,
131,24.2,27.4,
131.5,13.8,27.6,
132,30.5,27.9,
132.5,15.4,28.2,
133,14,28.6,
133.5,14.3,28.9,
134,31.2,29.2,
134.5,29.5,29.5,
135,15.2,29.8,
135.5,30.2,30.2,
136,28.2,30.5,
136.5,15.3,30.9,
137,28.6,31.2,
93,14.8,13.8,
93.5,14.5,13.9,
94,14.7,14,
94.5,30.9,14.2,
95,27.6,14.3,
95.5,15,14.4,
96,14.9,14.5,
96.5,29.8,14.7,
97,29.2,14.8,
97.5,28.9,14.9,
98,27.9,15,
98.5,14.4,15.2,
99,14.2,15.3,
99.5,13.9,15.4,
100,16.2,15.6,
100.5,18.1,15.7,
101,17.1,15.8,
101.5,18,16,
102,16.5,16.1,
102.5,16.8,16.2,
103,17.7,16.4,
103.5,15.8,16.5,
104,17.5,16.7,
104.5,16.9,16.8,
105,17.4,16.9,
105.5,16.4,17.1,
106,18.4,17.2,
106.5,17.2,17.4,
107,18.3,17.5,
107.5,16.1,17.7,
108,16,17.8,
108.5,15.6,18,
109,17.8,18.1,
109.5,15.7,18.3,
110,16.7,18.4,
110.5,21.6,18.6,
111,20.3,18.8,
111.5,20.5,18.9,
112,20.8,19.1,
112.5,20.1,19.3,
113,18.9,19.4,
113.5,19.9,19.6,
114,19.6,19.8,
114.5,19.3,19.9,
115,18.8,20.1,
115.5,21,20.3,
116,21.8,20.5,
116.5,20.7,20.7,
117,21.4,20.8,
117.5,19.4,21,
118,19.1,21,
118.5,21,21.4,
119,19.8,21.6,
119.5,18.6,21.8,
120,22.8,22,
120.5,24,22.2,
121,25.7,22.4,
121.5,24.2,22.6,
122,26.5,22.8,
122.5,23.7,23.1,
123,23.5,23.3,
123.5,26,23.5,
124,22.2,23.7,
124.5,22,24,
125,24.4,24.2,
125.5,23.3,24.4,
126,23.1,24.7,
126.5,24.9,24.9,
127,22.6,25.2,
127.5,25.4,25.4,
128,24.7,25.7,
128.5,22.4,26,
129,25.2,26.2,
129.5,26.2,26.5,
130,29.5,26.8,
130.5,27.4,27.1,
131,30.5,27.4,
131.5,31.2,27.6,
132,28.6,27.9,
132.5,27.6,28.2,
133,28.9,28.6,
133.5,27.9,28.9,
134,13.8,29.2,
134.5,29.2,29.5,
135,29.8,29.8,
135.5,13.9,30.2,
136,26.8,30.5,
136.5,30.2,30.9,
137,28.2,31.2,
93,30.9,13.8,
93.5,27.1,13.9,
94,15.7,14,
94.5,14.8,14.2,
95,16,14.3,
95.5,14,14.4,
96,16.1,14.5,
96.5,15,14.7,
97,15.2,14.8,
97.5,14.5,14.9,
98,14.9,15,
98.5,15.3,15.2,
99,15.6,15.3,
99.5,15.4,15.4,
100,14.3,15.6,
100.5,14.7,15.7,
101,14.2,15.8,
101.5,14.4,16,
102,15.8,16.1,
102.5,18,16.2,
103,17.5,16.4,
103.5,17.4,16.5,
104,16.5,16.7,
104.5,16.7,16.8,
105,18.6,16.9,
105.5,16.9,17.1,
106,17.2,17.2,
106.5,17.7,17.4,
107,19.1,17.5,
107.5,16.2,17.7,
108,18.3,17.8,
108.5,17.1,18,
109,16.8,18.1,
109.5,16.4,18.3,
110,18.4,18.4,
110.5,18.9,18.6,
111,18.1,18.8,
111.5,18.8,18.9,
112,17.8,19.1,
112.5,21.8,19.3,
113,19.6,19.4,
113.5,19.4,19.6,
114,20.7,19.8,
114.5,20.3,19.9,
115,20.5,20.1,
115.5,22.4,20.3,
116,24,20.5,
116.5,21,20.7,
117,22.8,20.8,
117.5,24.4,21,
118,21,21,
118.5,22.2,21.4,
119,23.5,21.6,
119.5,23.1,21.8,
120,20.8,22,
120.5,20.1,22.2,
121,21.6,22.4,
121.5,23.3,22.6,
122,22.6,22.8,
122.5,24.2,23.1,
123,19.3,23.3,
123.5,21.4,23.5,
124,19.8,23.7,
124.5,19.9,24,
125,23.7,24.2,
125.5,22,24.4,
126,24.7,24.7,
126.5,26,24.9,
127,28.6,25.2,
127.5,26.5,25.4,
128,27.6,25.7,
128.5,25.7,26,
129,29.2,26.2,
129.5,27.1,26.5,
130,28.2,26.8,
130.5,28.9,27.1,
131,26.8,27.4,
131.5,25.2,27.6,
132,26.2,27.9,
132.5,27.9,28.2,
133,24.9,28.6,
133.5,25.4,28.9,
134,27.4,29.2,
134.5,14.4,29.5,
135,29.5,29.8,
135.5,30.5,30.2,
136,14.7,30.5,
136.5,14.3,30.9,
137,14.8,31.2,
93,13.9,13.8,
93.5,31.2,13.9,
94,14.5,14,
94.5,30.2,14.2,
95,30.9,14.3,
95.5,14.9,14.4,
96,13.8,14.5,
96.5,14.2,14.7,
97,14,14.8,
97.5,29.8,14.9,
98,15,15,
98.5,16.9,15.2,
99,17.1,15.3,
99.5,17.4,15.4,
100,17.2,15.6,
100.5,16,15.7,
101,15.3,15.8,
101.5,17.7,16,
102,16.2,16.1,
102.5,17.5,16.2,
103,15.2,16.4,
103.5,16.1,16.5,
104,16.4,16.7,
104.5,15.8,16.8,
105,15.7,16.9,
105.5,15.6,17.1,
106,16.8,17.2,
106.5,16.7,17.4,
107,15.4,17.5,
107.5,16.5,17.7,